CHR	POS	EffectAllele	EffectWeight
1	9109660	T	-0.1127824
1	150579566	A	-0.1721176
1	155199564	T	0.1018132
1	163372193	T	0.117027
1	214484297	A	-0.1072377
2	64652534	T	-0.0871175
3	44804157	T	-0.3017755
3	169774313	T	0.2034903
4	88963935	T	-0.1579764
5	1282299	A	-0.2598596
6	7562999	T	-0.2653273
6	27698141	T	0.0815831
6	32436600	A	0.1196239
6	43385242	A	-0.091862
6	122431405	T	-0.1049285
7	1936821	T	-0.1432113
7	100032719	T	0.163798
8	119931204	T	0.1306822
9	106717987	T	-0.1239308
10	941334	A	0.1028871
10	103920828	T	0.3770892
11	1219991	T	1.1502213
12	101892202	A	0.0872659
13	82382479	T	1.8473
13	112880670	C	0.1541597
15	40426335	T	-0.1595419
15	85742593	A	-0.1166507
16	67960834	T	1.3224
17	43370681	A	-0.1410238
17	46258529	CAT	0.184278
17	76029575	T	0.1215663
18	666625	T	0.1385803
19	4717660	A	-0.1321548
19	5847989	T	0.129414
20	63585923	T	0.3107921
