CHR	POS	EffectAllele	EffectWeight
1	9109660	T	-0.1161843
1	150579566	A	-0.1532937
1	155199564	T	0.1116312
1	163372193	T	0.1474105
1	214484297	A	-0.1360649
2	64652534	T	-0.0982703
3	44804157	T	-0.3785181
3	169774313	T	0.2188292
4	88963935	T	-0.1827472
5	1282299	A	-0.2700927
5	169588475	A	0.768236
6	7562999	T	-0.2836624
6	27698141	T	0.0597607
6	32436600	A	0.1387745
6	43385242	A	-0.0983177
6	122431405	T	-0.0709695
7	1936821	T	-0.1680253
7	100032719	T	0.1793151
8	119931204	T	0.148374
9	106717987	T	-0.123337
10	941334	A	0.1041282
10	103920828	T	0.385495
11	1219991	T	1.3103999
12	101892202	A	0.0951394
13	82382479	T	2.1133393
13	112880670	C	0.1403573
15	40426335	T	-0.1812261
15	85742593	A	-0.1182425
16	112241	A	0.3483431
16	67960834	T	1.3994582
17	43370681	A	-0.1410101
17	46253848	T	0.3514647
17	76029575	T	0.1026584
18	666625	T	0.1232532
19	4717660	A	-0.1569273
19	5847989	T	0.139028
20	63585923	T	0.3280828
